"FIDE_ID","FullName","Master","FIDEName","Fed","Sex","Tit","WTit","OTit","FOA","SRtng","SGm","SK","RRtng","RGm","Rk","BRtng","BGm","BK","B-day","Flag","Country"
"400041","Michael Adams","Adams, M","Adams, Michael","ENG","M","GM",NA,NA,NA,2666,0,10,2647,0,10,2711,0,10,1971,NA,"England"
"13300580","Varuzhan Akobian","Akobian, V","Akobian, Varuzhan","USA","M","GM",NA,NA,NA,2582,0,10,2634,0,10,2566,12,10,1983,NA,"United States of America"
"13300032","Vladimir Akopian","Akopian, V","Akopian, Vladimir","USA","M","GM",NA,NA,NA,2612,0,10,2643,0,10,2641,0,10,1971,NA,"United States of America"
"2000156","Lev Alburt","Alburt, L","Alburt, Lev","USA","M","GM",NA,NA,NA,2539,0,10,2526,0,10,2521,0,10,1945,"i","United States of America"
NA,"Alexander Alekhine","Alekhine, A",NA,NA,NA,NA,NA,NA,NA,NA,NA,NA,NA,NA,NA,NA,NA,NA,NA,NA,NA
"4138147","Evgeny Alekseev","Alekseev, E","Alekseev, Evgeny","ISR","M","GM",NA,NA,NA,2563,9,10,2526,0,10,2571,0,10,1985,NA,"Israel"
"702293","Zoltan Almasi","Almasi, Z","Almasi, Zoltan","HUN","M","GM",NA,NA,NA,2677,0,10,2599,0,10,2585,0,10,1976,"i","Hungary"
"5000017","Viswanathan Anand","Anand, V","Anand, Viswanathan","IND","M","GM",NA,"FST",NA,2754,0,10,2731,0,10,2733,0,10,1969,NA,"India"
NA,"Adolf Anderssen","Anderssen, A",NA,NA,NA,NA,NA,NA,NA,NA,NA,NA,NA,NA,NA,NA,NA,NA,NA,NA,NA
"1700014","Ulf Andersson","Andersson, U","Andersson, Ulf","SWE","M","GM",NA,NA,NA,2518,0,10,2442,0,10,2467,0,10,1951,NA,"Sweden"
"4158814","Dmitry Andreikin","Andreikin, D","Andreikin, Dmitry","FID","M","GM",NA,NA,NA,2729,0,10,2628,0,10,2736,0,10,1990,"i","FIDE"
"13300474","Levon Aronian","Aronian, L","Aronian, Levon","USA","M","GM",NA,NA,NA,2742,0,10,2743,0,10,2778,0,10,1982,NA,"United States of America"
"2001012","Maurice Ashley","Ashley, M","Ashley, Maurice","USA","M","GM",NA,"FT",NA,2440,0,10,NA,NA,NA,NA,NA,NA,1966,"i","United States of America"
"4101529","Yuri Averbakh","Averbakh, Y",NA,NA,NA,NA,NA,NA,NA,NA,NA,NA,NA,NA,NA,NA,NA,NA,NA,NA,NA
"13601326","Zurab Azmaiparashvili","Azmaiparashvili, Z","Azmaiparashvili, Zurab","GEO","M","GM",NA,NA,NA,2637,0,10,2619,0,10,2608,0,10,1960,"i","Georgia"
"605506","Etienne Bacrot","Bacrot, E","Bacrot, Etienne","FRA","M","GM",NA,NA,NA,2662,9,10,2684,13,10,2663,13,10,1983,NA,"France"
"4100140","Evgeny Bareev","Bareev, E","Bareev, Evgeny","CAN","M","GM",NA,NA,NA,2631,0,10,2617,11,10,2660,14,10,1966,"i","Canada"
"3501728","Julio Becerra Rivero","Becerra Rivero, J","Becerra Rivero, Julio","USA","M","GM",NA,NA,NA,2447,4,10,NA,NA,NA,2568,0,10,1973,NA,"United States of America"
"14602377","Alexander Beliavsky","Beliavsky, A","Beliavsky, Alexander G","SLO","M","GM",NA,NA,NA,2486,0,10,2584,0,10,2478,0,10,1953,NA,"Slovenia"
"2000091","Joel Benjamin","Benjamin, J","Benjamin, Joel","USA","M","GM",NA,NA,NA,2500,0,10,NA,NA,NA,2561,0,10,1964,NA,"United States of America"
NA,"Pal Benko","Benko, P",NA,NA,NA,NA,NA,NA,NA,NA,NA,NA,NA,NA,NA,NA,NA,NA,NA,NA,NA
NA,"Hans Berliner","Berliner, H",NA,NA,NA,NA,NA,NA,NA,NA,NA,NA,NA,NA,NA,NA,NA,NA,NA,NA,NA
NA,"Ossip Bernstein","Bernstein, O",NA,NA,NA,NA,NA,NA,NA,NA,NA,NA,NA,NA,NA,NA,NA,NA,NA,NA,NA
NA,"Henry Bird","Bird, H",NA,NA,NA,NA,NA,NA,NA,NA,NA,NA,NA,NA,NA,NA,NA,NA,NA,NA,NA
NA,"Arthur Bisguier","Bisguier, A",NA,NA,NA,NA,NA,NA,NA,NA,NA,NA,NA,NA,NA,NA,NA,NA,NA,NA,NA
NA,"Joseph Blackburne","Blackburne, J",NA,NA,NA,NA,NA,NA,NA,NA,NA,NA,NA,NA,NA,NA,NA,NA,NA,NA,NA
"300047","Pavel Blatny","Blatny, P","Blatny, Pavel","CZE","M","GM",NA,NA,NA,2327,0,10,2348,0,10,2385,0,10,1968,NA,"Czech Republic"
NA,"Efim Bogoljubow","Bogoljubow, E",NA,NA,NA,NA,NA,NA,NA,NA,NA,NA,NA,NA,NA,NA,NA,NA,NA,NA,NA
NA,"Isaac Boleslavsky","Boleslavsky, I",NA,NA,NA,NA,NA,NA,NA,NA,NA,NA,NA,NA,NA,NA,NA,NA,NA,NA,NA
"13900048","Viktor Bologan","Bologan, V","Bologan, Victor","MDA","M","GM",NA,"FST",NA,2574,0,10,2550,0,10,2483,0,10,1971,"i","Moldova"
NA,"Mikhail Botvinnik","Botvinnik, M",NA,NA,NA,NA,NA,NA,NA,NA,NA,NA,NA,NA,NA,NA,NA,NA,NA,NA,NA
NA,"Gyula Breyer","Breyer, G",NA,NA,NA,NA,NA,NA,NA,NA,NA,NA,NA,NA,NA,NA,NA,NA,NA,NA,NA
NA,"David Bronstein","Bronstein, D",NA,NA,NA,NA,NA,NA,NA,NA,NA,NA,NA,NA,NA,NA,NA,NA,NA,NA,NA
"2000210","Walter Browne","Browne, W",NA,NA,NA,NA,NA,NA,NA,NA,NA,NA,NA,NA,NA,NA,NA,NA,NA,NA,NA
NA,"Lazaro Bruzon","Bruzon, L",NA,NA,NA,NA,NA,NA,NA,NA,NA,NA,NA,NA,NA,NA,NA,NA,NA,NA,NA
NA,"Bu Xiangzhi","Bu Xiangzhi",NA,NA,NA,NA,NA,NA,NA,NA,NA,NA,NA,NA,NA,NA,NA,NA,NA,NA,NA
NA,"Robert Byrne","Byrne, R",NA,NA,NA,NA,NA,NA,NA,NA,NA,NA,NA,NA,NA,NA,NA,NA,NA,NA,NA
NA,"José Raúl Capablanca","Capablanca, J",NA,NA,NA,NA,NA,NA,NA,NA,NA,NA,NA,NA,NA,NA,NA,NA,NA,NA,NA
"1503014","Magnus Carlsen","Carlsen, M","Carlsen, Magnus","NOR","M","GM",NA,NA,NA,2835,9,10,2829,0,10,2858,0,10,1990,NA,"Norway"
"2020009","Fabiano Caruana","Caruana, F","Caruana, Fabiano","USA","M","GM",NA,NA,NA,2782,9,10,2752,0,10,2832,0,10,1992,NA,"United States of America"
"13600036","Maia Chiburdanidze","Chiburdanidze, M","Chiburdanidze, Maia","GEO","F","GM","WGM",NA,NA,2500,0,10,2432,0,10,2437,0,10,1961,"wi","Georgia"
NA,"Mikhail Chigorin","Chigorin, M",NA,NA,NA,NA,NA,NA,NA,NA,NA,NA,NA,NA,NA,NA,NA,NA,NA,NA,NA
"2000059","Larry Christiansen","Christiansen, L","Christiansen, Larry","USA","M","GM",NA,NA,NA,2579,0,10,2584,0,10,NA,NA,NA,1956,NA,"United States of America"
"2000105","Nick DeFirmian","De Firmian, N","De Firmian, Nick","USA","M","GM",NA,NA,NA,2450,0,10,2468,0,10,NA,NA,NA,1957,NA,"United States of America"
NA,"Louis de LaBourdonnais","De Labourdonnais, L",NA,NA,NA,NA,NA,NA,NA,NA,NA,NA,NA,NA,NA,NA,NA,NA,NA,NA,NA
NA,"Arnold Denker","Denker, A",NA,NA,NA,NA,NA,NA,NA,NA,NA,NA,NA,NA,NA,NA,NA,NA,NA,NA,NA
NA,"Ding Liren","Ding Liren",NA,NA,NA,NA,NA,NA,NA,NA,NA,NA,NA,NA,NA,NA,NA,NA,NA,NA,NA
"3503240","Leinier Dominguez Perez","Dominguez Perez, L","Dominguez Perez, Leinier","USA","M","GM",NA,NA,NA,2739,0,10,2706,0,10,2654,0,10,1983,NA,"United States of America"
"4100107","Alexey Dreev","Dreev, A","Dreev, Aleksey","RUS","M","GM",NA,NA,NA,2606,0,10,2557,0,10,2609,0,10,1969,NA,"Russia"
"1170546","Jan-Krzysztof Duda","Duda, J","Duda, Jan-Krzysztof","POL","M","GM",NA,NA,NA,2732,0,10,2794,0,10,2783,0,10,1998,NA,"Poland"
"2000113","Roman Dzindzichashvili","Dzindzichashvili, R","Dzindzichashvili, Roman","USA","M","GM",NA,NA,NA,2550,0,10,NA,NA,NA,NA,NA,NA,1944,"i","United States of America"
"4500016","Jaan Ehlvest","Ehlvest, J","Ehlvest, Jaan","USA","M","GM",NA,NA,NA,2530,0,10,2519,11,10,2442,11,10,1962,"i","United States of America"
"14102951","Pavel Eljanov","Eljanov, P","Eljanov, Pavel","UKR","M","GM",NA,NA,NA,2694,0,10,2649,0,10,2598,0,10,1983,NA,"Ukraine"
NA,"Max Euwe","Euwe, M",NA,NA,NA,NA,NA,NA,NA,NA,NA,NA,NA,NA,NA,NA,NA,NA,NA,NA,NA
NA,"Larry Evans","Evans, L",NA,NA,NA,NA,NA,NA,NA,NA,NA,NA,NA,NA,NA,NA,NA,NA,NA,NA,NA
"2000083","John Fedorowicz","Fedorowicz, J","Fedorowicz, John","USA","M","GM",NA,NA,NA,2388,0,10,NA,NA,NA,NA,NA,NA,1958,NA,"United States of America"
NA,"Reuben Fine","Fine, R",NA,NA,NA,NA,NA,NA,NA,NA,NA,NA,NA,NA,NA,NA,NA,NA,NA,NA,NA
"2000261","Benjamin Finegold","Finegold, B","Finegold, Benjamin","USA","M","GM",NA,NA,NA,2400,0,10,NA,NA,NA,2501,0,10,1969,NA,"United States of America"
"12573981","Alireza Firouzja","Firouzja, A","Firouzja, Alireza","FRA","M","GM",NA,NA,NA,2777,9,10,2745,0,10,2896,0,10,2003,NA,"France"
NA,"Robert James Fischer","Fischer, R",NA,NA,NA,NA,NA,NA,NA,NA,NA,NA,NA,NA,NA,NA,NA,NA,NA,NA,NA
"2000377","Alexander Fishbein","Fishbein, A","Fishbein, Alexander","USA","M","GM",NA,NA,NA,2363,10,10,NA,NA,NA,2403,0,10,1968,NA,"United States of America"
NA,"Salo Flohr","Flohr, S",NA,NA,NA,NA,NA,NA,NA,NA,NA,NA,NA,NA,NA,NA,NA,NA,NA,NA,NA
"13600125","Nona Gaprindashvili","Gaprindashvili, N","Gaprindashvili, Nona","GEO","F","GM","WGM",NA,NA,2267,9,10,2199,0,20,2168,0,20,1941,"w","Georgia"
NA,"Vugar Gashimov","Gashimov, V",NA,NA,NA,NA,NA,NA,NA,NA,NA,NA,NA,NA,NA,NA,NA,NA,NA,NA,NA
"2805677","Boris Gelfand","Gelfand, B","Gelfand, Boris","ISR","M","GM",NA,NA,NA,2668,0,10,2619,0,10,2604,0,10,1968,NA,"Israel"
NA,"Efim Geller","Geller, E",NA,NA,NA,NA,NA,NA,NA,NA,NA,NA,NA,NA,NA,NA,NA,NA,NA,NA,NA
"2900017","Kiril Georgiev","Georgiev, K","Georgiev, Kiril","MKD","M","GM",NA,NA,NA,2542,0,10,2605,11,10,2524,11,10,1965,NA,"FYR Macedonia"
"24116068","Anish Giri","Giri, A","Giri, Anish","NED","M","GM",NA,NA,NA,2775,9,10,2705,0,10,2760,0,10,1994,NA,"Netherlands"
NA,"Svetozar Gligoric","Gligoric, S",NA,NA,NA,NA,NA,NA,NA,NA,NA,NA,NA,NA,NA,NA,NA,NA,NA,NA,NA
"2019540","Alexander Goldin","Goldin, A","Goldin, Alexander","USA","M","GM",NA,NA,NA,2542,0,10,NA,NA,NA,NA,NA,NA,1964,"i","United States of America"
"3800024","Julio Granda Zuniga","Granda Zuniga, J","Granda Zuniga, Julio E","PER","M","GM",NA,NA,NA,2628,0,10,2609,0,10,2624,0,10,1967,NA,"Peru"
"4126025","Alexander Grischuk","Grischuk, A","Grischuk, Alexander","RUS","M","GM",NA,NA,NA,2736,0,10,2716,0,10,2721,0,10,1983,NA,"Russia"
"2000040","Boris Gulko","Gulko, B","Gulko, Boris","USA","M","GM",NA,NA,NA,2542,0,10,2507,0,10,NA,NA,NA,1947,"i","United States of America"
NA,"Isidor Gunsberg","Gunsberg, I",NA,NA,NA,NA,NA,NA,NA,NA,NA,NA,NA,NA,NA,NA,NA,NA,NA,NA,NA
"2000407","Dmitry Gurevich","Gurevich, D","Gurevich, Dmitry","USA","M","GM",NA,NA,NA,2364,5,10,2427,0,10,2506,0,10,1956,NA,"United States of America"
"200930","Mikhail Gurevich","Gurevich, M","Gurevich, Mikhail","BEL","M","GM",NA,"FST",NA,2553,0,10,2562,0,10,2610,0,10,1959,NA,"Belgium"
"5007003","Pentala Harikrishna","Harikrishna, P","Harikrishna, Pentala","IND","M","GM",NA,NA,NA,2708,7,10,2630,0,10,2634,0,10,1986,NA,"India"
"4600029","Vlastimil Hort","Hort, V","Hort, Vlastimil","GER","M","GM",NA,NA,NA,2325,0,10,2457,0,10,2364,0,10,1944,NA,"Germany"
NA,"Bernhard Horwitz","Horwitz, B",NA,NA,NA,NA,NA,NA,NA,NA,NA,NA,NA,NA,NA,NA,NA,NA,NA,NA,NA
NA,"Hou Yifan","Hou Yifan",NA,NA,NA,NA,NA,NA,NA,NA,NA,NA,NA,NA,NA,NA,NA,NA,NA,NA,NA
"4600010","Robert Huebner","Huebner, R","Huebner, Robert","GER","M","GM",NA,NA,NA,2574,0,10,2575,0,10,NA,NA,NA,1948,"i","Germany"
"4102878","Ildar Ibragimov","Ibragimov, I","Ibragimov, Ildar","RUS","M","GM",NA,NA,NA,2533,0,10,2421,0,10,2421,0,10,1967,"i","Russia"
"2200015","Miguel Illescas Cordoba","Illescas Cordoba, M","Illescas Cordoba, Miguel","ESP","M","GM",NA,NA,NA,2600,0,10,2612,0,10,2570,0,10,1965,NA,"Spain"
"4162722","Ernesto Inarkiev","Inarkiev, E","Inarkiev, Ernesto","FID","M","GM",NA,NA,NA,2658,0,10,2684,0,10,2544,0,10,1985,NA,"FIDE"
"14100010","Vassily Ivanchuk","Ivanchuk, V","Ivanchuk, Vasyl","UKR","M","GM",NA,NA,NA,2667,8,10,2664,5,10,2710,0,10,1969,NA,"Ukraine"
"2000202","Alexander Ivanov","Ivanov, A","Ivanov, Alexander","USA","M","GM",NA,NA,NA,2426,6,10,NA,NA,NA,2497,0,10,1956,NA,"United States of America"
NA,"Igor Ivanov","Ivanov, I",NA,NA,NA,NA,NA,NA,NA,NA,NA,NA,NA,NA,NA,NA,NA,NA,NA,NA,NA
NA,"Borislav Ivkov","Ivkov, B",NA,NA,NA,NA,NA,NA,NA,NA,NA,NA,NA,NA,NA,NA,NA,NA,NA,NA,NA
"4122356","Dmitry Jakovenko","Jakovenko, D","Jakovenko, Dmitry","RUS","M","GM",NA,NA,NA,2682,0,10,2684,0,10,2624,0,10,1983,"i","Russia"
NA,"David Janowski","Janowsky, D",NA,NA,NA,NA,NA,NA,NA,NA,NA,NA,NA,NA,NA,NA,NA,NA,NA,NA,NA
"13601520","Baadur Jobava","Jobava, B","Jobava, Baadur","GEO","M","GM",NA,NA,NA,2566,7,10,2660,0,10,2574,0,10,1983,NA,"Georgia"
"4618777","Artur Jussupow","Jussupow, A","Jussupow, Artur","GER","M","GM",NA,"FST",NA,2559,0,10,2466,0,10,2474,0,10,1960,"i","Germany"
"2008564","Gregory Kaidanov","Kaidanov, G","Kaidanov, Gregory","USA","M","GM",NA,NA,NA,2563,0,10,NA,NA,NA,2547,0,10,1959,NA,"United States of America"
"2000024","Gata Kamsky","Kamsky, G","Kamsky, Gata","USA","M","GM",NA,NA,NA,2655,10,10,2630,0,10,2660,0,10,1974,NA,"United States of America"
"14109603","Sergey Karjakin","Karjakin, S","Karjakin, Sergey","RUS","M","GM",NA,NA,NA,2750,0,10,2739,0,10,2647,0,10,1990,NA,"Russia"
"4100026","Anatoly Karpov","Karpov, A","Karpov, Anatoly","RUS","M","GM",NA,NA,NA,2617,0,10,2583,0,10,2627,0,10,1951,"i","Russia"
"14200244","Rustam Kasimdzhanov","Kasimdzhanov, R","Kasimdzhanov, Rustam","UZB","M","GM",NA,NA,NA,2673,0,10,2648,0,10,2586,0,10,1979,NA,"Uzbekistan"
"4100018","Garry Kasparov","Kasparov, G","Kasparov, Garry","RUS","M","GM",NA,NA,NA,2812,0,10,2783,0,10,2712,0,10,1963,"i","Russia"
NA,"Lubomir Kavalek","Kavalek, L",NA,NA,NA,NA,NA,NA,NA,NA,NA,NA,NA,NA,NA,NA,NA,NA,NA,NA,NA
NA,"Paul Keres","Keres, P",NA,NA,NA,NA,NA,NA,NA,NA,NA,NA,NA,NA,NA,NA,NA,NA,NA,NA,NA
"4100115","Alexander Khalifman","Khalifman, A","Khalifman, Alexander","RUS","M","GM",NA,NA,NA,2608,0,10,2522,0,10,NA,NA,NA,1966,"i","Russia"
NA,"Ratmir Kholmov","Kholmov, R",NA,NA,NA,NA,NA,NA,NA,NA,NA,NA,NA,NA,NA,NA,NA,NA,NA,NA,NA
"5008123","Koneru Humpy","Koneru, H","Koneru, Humpy","IND","F","GM","WGM",NA,NA,2553,4,10,2469,0,10,2463,0,10,1987,"w","India"
"14105730","Viktor Korchnoi","Korobov, A","Korobov, Anton","UKR","M","GM",NA,NA,NA,2667,10,10,2634,0,10,2638,0,10,1985,NA,"Ukraine"
NA,"Anton Korobov","Kortschnoj, V",NA,NA,NA,NA,NA,NA,NA,NA,NA,NA,NA,NA,NA,NA,NA,NA,NA,NA,NA
"4128125","Alexandra Kosteniuk","Kosteniuk, A","Kosteniuk, Alexandra","SUI","F","GM","WGM",NA,NA,2532,9,10,2524,0,10,2450,0,10,1984,"w","Switzerland"
"24145602","Alexander Kotov","Kotov, A","Kotov, Alexander","RUS","M",NA,NA,NA,NA,2171,0,20,NA,NA,NA,2071,0,20,1959,"i","Russia"
"4101588","Vladimir Kramnik","Kramnik, V","Kramnik, Vladimir","RUS","M","GM",NA,NA,NA,2753,0,10,2739,0,10,2703,0,10,1975,"i","Russia"
"1113100","Michal Krasenkow","Krasenkow, M","Krasenkow, Michal","POL","M","GM",NA,NA,NA,2524,9,10,2443,11,10,2406,11,10,1963,NA,"Poland"
"2012782","Irina Krush","Krush, I","Krush, Irina","USA","F","GM","WGM",NA,NA,2447,9,10,2400,0,10,2367,0,10,1983,"w","United States of America"
"2000164","Sergey Kudrin","Kudrin, S","Kudrin, Sergey","USA","M","GM",NA,NA,NA,2345,0,10,NA,NA,NA,NA,NA,NA,1959,NA,"United States of America"
NA,"Kateryna Lahno","Lahno, K",NA,NA,NA,NA,NA,NA,NA,NA,NA,NA,NA,NA,NA,NA,NA,NA,NA,NA,NA
NA,"Bent Larsen","Larsen, B",NA,NA,NA,NA,NA,NA,NA,NA,NA,NA,NA,NA,NA,NA,NA,NA,NA,NA,NA
NA,"Emanuel Lasker","Lasker, E",NA,NA,NA,NA,NA,NA,NA,NA,NA,NA,NA,NA,NA,NA,NA,NA,NA,NA,NA
"600016","Joel Lautier","Lautier, J","Lautier, Joel","FRA","M","GM",NA,NA,NA,2658,0,10,NA,NA,NA,NA,NA,NA,1973,"i","France"
NA,"Le Quang Liem","Le Quang Liem",NA,NA,NA,NA,NA,NA,NA,NA,NA,NA,NA,NA,NA,NA,NA,NA,NA,NA,NA
"703303","Peter Leko","Leko, P","Leko, Peter","HUN","M","GM",NA,NA,NA,2666,0,10,2710,0,10,2738,0,10,1979,NA,"Hungary"
NA,"Grigory Levenfish","Levenfish, G",NA,NA,NA,NA,NA,NA,NA,NA,NA,NA,NA,NA,NA,NA,NA,NA,NA,NA,NA
"8604436","Li Chao","Li Chao","Li, Chao b","CHN","M","GM",NA,NA,NA,2652,10,10,2631,0,10,2693,0,10,1989,NA,"China"
NA,"Andre Lilienthal","Lilienthal, A",NA,NA,NA,NA,NA,NA,NA,NA,NA,NA,NA,NA,NA,NA,NA,NA,NA,NA,NA
"900010","Ljubomir Ljubojevic","Ljubojevic, L","Ljubojevic, Ljubomir","SRB","M","GM",NA,NA,NA,2571,0,10,2471,0,10,2504,0,10,1950,"i","Serbia"
"13300024","Smbat Lputian","Lputian, S","Lputian, Smbat G","ARM","M","GM",NA,NA,NA,2574,0,10,NA,NA,NA,NA,NA,NA,1958,"i","Armenia"
NA,"George MacKenzie","Mackenzie, G",NA,NA,NA,NA,NA,NA,NA,NA,NA,NA,NA,NA,NA,NA,NA,NA,NA,NA,NA
"4120787","Vladimir Malakhov","Malakhov, V","Malakhov, Vladimir","FID","M","GM",NA,NA,NA,2646,0,10,2666,0,10,2652,0,10,1980,NA,"FIDE"
"13401319","Shakhriyar Mamedyarov","Mamedyarov, S","Mamedyarov, Shakhriyar","AZE","M","GM",NA,NA,NA,2742,9,10,2694,0,10,2722,0,10,1985,NA,"Azerbaijan"
NA,"Geza Maroczy","Maroczy, G",NA,NA,NA,NA,NA,NA,NA,NA,NA,NA,NA,NA,NA,NA,NA,NA,NA,NA,NA
NA,"Frank Marshall","Marshall, F",NA,NA,NA,NA,NA,NA,NA,NA,NA,NA,NA,NA,NA,NA,NA,NA,NA,NA,NA
NA,"Alexander McDonnell","McDonnell, A",NA,NA,NA,NA,NA,NA,NA,NA,NA,NA,NA,NA,NA,NA,NA,NA,NA,NA,NA
"404853","Luke McShane","McShane, L","McShane, Luke J","ENG","M","GM",NA,NA,NA,2626,0,10,2702,0,10,2583,0,10,1984,NA,"England"
"2100010","Henrique Mecking","Mecking, H","Mecking, Henrique","BRA","M","GM",NA,NA,NA,2553,0,10,2585,0,10,2587,0,10,1952,"i","Brazil"
NA,"Vladas Mikenas","Mikenas, V",NA,NA,NA,NA,NA,NA,NA,NA,NA,NA,NA,NA,NA,NA,NA,NA,NA,NA,NA
NA,"Anthony Miles","Miles, A",NA,NA,NA,NA,NA,NA,NA,NA,NA,NA,NA,NA,NA,NA,NA,NA,NA,NA,NA
"1304364","Vadim Milov","Milov, V","Milov, Vadim","SUI","M","GM",NA,NA,NA,2604,0,10,2632,0,10,2519,0,10,1972,NA,"Switzerland"
"4116992","Alexander Morozevich","Morozevich, A","Morozevich, Alexander","RUS","M","GM",NA,NA,NA,2659,0,10,2651,0,10,2611,0,10,1977,"i","Russia"
NA,"Paul Morphy","Morphy, P",NA,NA,NA,NA,NA,NA,NA,NA,NA,NA,NA,NA,NA,NA,NA,NA,NA,NA,NA
"4121830","Alexander Motylev","Motylev, A","Motylev, Alexander","ROU","M","GM",NA,"FST",NA,2605,9,10,2652,0,10,2532,0,10,1979,NA,"Romania"
"310204","Sergei Movsesian","Movsesian, S","Movsesian, Sergei","ARM","M","GM",NA,"FT",NA,2617,4,10,2616,0,10,2570,0,10,1978,NA,"Armenia"
"14114550","Mariya Muzychuk","Muzychuk, M","Muzychuk, Mariya","UKR","F","GM","WGM",NA,NA,2511,6,10,2470,0,10,2443,0,10,1992,"w","Ukraine"
NA,"Miguel Najdorf","Najdorf, M",NA,NA,NA,NA,NA,NA,NA,NA,NA,NA,NA,NA,NA,NA,NA,NA,NA,NA,NA
"4118987","Evgeny Najer","Najer, E","Najer, Evgeniy","FID","M","GM",NA,"FST",NA,2646,0,10,2579,0,10,2545,0,10,1977,NA,"FIDE"
"2016192","Hikaru Nakamura","Nakamura, H","Nakamura, Hikaru","USA","M","GM",NA,NA,NA,2787,9,10,2748,0,10,2874,0,10,1987,NA,"United States of America"
"309095","David Navara","Navara, D","Navara, David","CZE","M","GM",NA,NA,NA,2689,0,10,2689,10,10,2675,0,10,1985,NA,"Czech Republic"
"5016690","Parimarjan Negi","Negi, P","Negi, Parimarjan","IND","M","GM",NA,NA,NA,2624,0,10,2613,0,10,2613,0,10,1993,NA,"India"
"4168119","Ian Nepomniachtchi","Nepomniachtchi, I","Nepomniachtchi, Ian","RUS","M","GM",NA,NA,NA,2779,0,10,2760,0,10,2781,0,10,1990,NA,"Russia"
NA,"Ni Hua","Ni Hua",NA,NA,NA,NA,NA,NA,NA,NA,NA,NA,NA,NA,NA,NA,NA,NA,NA,NA,NA
"1400355","Peter Nielsen","Nielsen, P","Nielsen, Peter Heine","DEN","M","GM",NA,NA,NA,2618,0,10,2669,0,10,2546,0,10,1973,"i","Denmark"
"14400014","Predrag Nikolic","Nikolic, P","Nikolic, Predrag","BIH","M","GM",NA,NA,NA,2531,0,10,2634,0,10,2550,0,10,1960,NA,"Bosnia & Herzegovina"
NA,"Aron Nimzowitsch","Nimzowitsch, A",NA,NA,NA,NA,NA,NA,NA,NA,NA,NA,NA,NA,NA,NA,NA,NA,NA,NA,NA
"1202758","Liviu-Dieter Nisipeanu","Nisipeanu, L","Nisipeanu, Liviu-Dieter","ROU","M","GM",NA,NA,NA,2600,0,10,2629,0,10,2625,0,10,1976,NA,"Romania"
"14100037","Igor Novikov","Novikov, I","Novikov, Igor","USA","M","GM",NA,NA,NA,2527,0,10,NA,NA,NA,NA,NA,NA,1962,NA,"United States of America"
"400017","John Nunn","Nunn, J","Nunn, John D M","ENG","M","GM",NA,NA,NA,2570,9,10,2536,0,10,2490,0,10,1955,NA,"England"
"2300052","Fridrik Olafsson","Olafsson, F","Olafsson, Fridrik","ISL","M","GM",NA,NA,NA,2355,0,10,2348,0,20,2336,0,10,1935,"i","Iceland"
NA,"Lembit Oll","Oll, L",NA,NA,NA,NA,NA,NA,NA,NA,NA,NA,NA,NA,NA,NA,NA,NA,NA,NA,NA
"14101025","Alexander Onischuk","Onischuk, A","Onischuk, Alexander","USA","M","GM",NA,NA,NA,2640,0,10,2683,0,10,2639,6,10,1975,"i","United States of America"
NA,"Ludek Pachman","Pachman, L",NA,NA,NA,NA,NA,NA,NA,NA,NA,NA,NA,NA,NA,NA,NA,NA,NA,NA,NA
"4641833","Elisabeth Paehtz","Paehtz, E","Paehtz, Elisabeth","GER","F","GM","WGM",NA,NA,2471,8,10,2373,0,10,2339,0,10,1985,"w","Germany"
"100153","Oscar Panno","Panno, O","Panno, Oscar","ARG","M","GM",NA,NA,NA,2438,0,10,NA,NA,NA,2440,0,10,1935,"i","Argentina"
NA,"Louis Paulsen","Paulsen, L",NA,NA,NA,NA,NA,NA,NA,NA,NA,NA,NA,NA,NA,NA,NA,NA,NA,NA,NA
NA,"Tigran Petrosian","Petrosian, T",NA,NA,NA,NA,NA,NA,NA,NA,NA,NA,NA,NA,NA,NA,NA,NA,NA,NA,NA
NA,"Francois Philidor","Philidor, F",NA,NA,NA,NA,NA,NA,NA,NA,NA,NA,NA,NA,NA,NA,NA,NA,NA,NA,NA
NA,"Harry Pillsbury","Pillsbury, H",NA,NA,NA,NA,NA,NA,NA,NA,NA,NA,NA,NA,NA,NA,NA,NA,NA,NA,NA
NA,"Herman Pilnik","Pilnik, H",NA,NA,NA,NA,NA,NA,NA,NA,NA,NA,NA,NA,NA,NA,NA,NA,NA,NA,NA
"700070","Judit Polgar","Polgar, J","Polgar, Judit","HUN","F","GM",NA,"FST",NA,2675,0,10,2646,0,10,2736,0,10,1976,"wi","Hungary"
"700231","Sofia Polgar","Polgar, S","Polgar, Sofia","HUN","F","IM","WGM",NA,NA,2450,0,10,NA,NA,NA,NA,NA,NA,1974,"wi","Hungary"
"700088","Zsuzsa Polgar","Polgar, Z","Polgar, Susan","HUN","F","GM","WIM",NA,NA,2577,0,10,NA,NA,NA,NA,NA,NA,1969,"wi","Hungary"
NA,"Lev Polugaevsky","Polugaevsky, L",NA,NA,NA,NA,NA,NA,NA,NA,NA,NA,NA,NA,NA,NA,NA,NA,NA,NA,NA
"14103320","Ruslan Ponomariov","Ponomariov, R","Ponomariov, Ruslan","UKR","M","GM",NA,NA,NA,2664,0,10,2646,11,10,2604,11,10,1983,NA,"Ukraine"
"700037","Lajos Portisch","Portisch, L","Portisch, Lajos","HUN","M","GM",NA,NA,NA,2467,0,10,2426,0,10,NA,NA,NA,1937,"i","Hungary"
"2800012","Lev Psakhis","Psakhis, L","Psakhis, Lev","ISR","M","GM",NA,NA,NA,2438,0,10,2517,0,10,NA,NA,NA,1958,NA,"Israel"
"100021","Miguel Quinteros","Quinteros, M","Quinteros, Miguel A.","ARG","M","GM",NA,NA,NA,2422,0,10,NA,NA,NA,NA,NA,NA,1947,"i","Argentina"
"13400924","Teimour Radjabov","Radjabov, T","Radjabov, Teimour","AZE","M","GM",NA,NA,NA,2747,0,10,2694,0,10,2707,0,10,1987,NA,"Azerbaijan"
"738590","Richard Rapport","Rapport, R","Rapport, Richard","ROU","M","GM",NA,NA,NA,2752,0,10,2761,0,10,2707,0,10,1996,NA,"Romania"
NA,"Samuel Reshevsky","Reshevsky, S",NA,NA,NA,NA,NA,NA,NA,NA,NA,NA,NA,NA,NA,NA,NA,NA,NA,NA,NA
NA,"Richard Reti","Reti, R",NA,NA,NA,NA,NA,NA,NA,NA,NA,NA,NA,NA,NA,NA,NA,NA,NA,NA,NA
"700010","Zoltan Ribli","Ribli, Z","Ribli, Zoltan","HUN","M","GM",NA,NA,NA,2486,0,10,2545,0,10,2532,0,10,1951,NA,"Hungary"
"2000172","Michael Rohde","Rohde, M","Rohde, Michael","USA","M","GM",NA,NA,NA,2340,6,10,2344,0,10,2274,0,10,1959,NA,"United States of America"
NA,"Akiba Rubinstein","Rubinstein, A",NA,NA,NA,NA,NA,NA,NA,NA,NA,NA,NA,NA,NA,NA,NA,NA,NA,NA,NA
"4115309","Sergei Rublevsky","Rublevsky, S","Rublevsky, Sergei","RUS","M","GM",NA,"FST",NA,2637,0,10,2603,0,10,2587,0,10,1974,"i","Russia"
NA,"Friedrich Saemisch","Saemisch, F",NA,NA,NA,NA,NA,NA,NA,NA,NA,NA,NA,NA,NA,NA,NA,NA,NA,NA,NA
"4104226","Konstantin Sakaev","Sakaev, K","Sakaev, Konstantin","RUS","M","GM",NA,NA,NA,2589,0,10,2510,0,10,2632,0,10,1974,NA,"Russia"
"4100069","Valery Salov","Salov, V","Salov, Valery","RUS","M","GM",NA,NA,NA,2644,0,10,NA,NA,NA,NA,NA,NA,1964,"i","Russia"
"5004985","Krishnan Sasikiran","Sasikiran, K","Sasikiran, Krishnan","IND","M","GM",NA,NA,NA,2604,0,10,2559,0,10,2567,0,10,1981,NA,"India"
NA,"Carl Schlechter","Schlechter, C",NA,NA,NA,NA,NA,NA,NA,NA,NA,NA,NA,NA,NA,NA,NA,NA,NA,NA,NA
"2000032","Yasser Seirawan","Seirawan, Y","Seirawan, Yasser","USA","M","GM",NA,NA,NA,2620,0,10,2647,0,10,2523,0,10,1960,"i","United States of America"
"2012642","Gregory Serper","Serper, G","Serper, Grigory","USA","M","GM",NA,NA,NA,2522,0,10,NA,NA,NA,NA,NA,NA,1969,"i","United States of America"
"2008572","Alexander Shabalov","Shabalov, A","Shabalov, Alexander","USA","M","GM",NA,NA,NA,2453,6,10,2531,0,10,2460,0,10,1967,NA,"United States of America"
NA,"Leonid Shamkovich","Shamkovich, L",NA,NA,NA,NA,NA,NA,NA,NA,NA,NA,NA,NA,NA,NA,NA,NA,NA,NA,NA
"2209390","Alexei Shirov","Shirov, A","Shirov, Alexei","ESP","M","GM",NA,NA,NA,2668,0,10,2580,19,10,2665,0,10,1972,NA,"Spain"
"400025","Nigel Short","Short, N","Short, Nigel D","ENG","M","GM",NA,NA,NA,2592,4,10,2534,4,10,2571,8,10,1965,NA,"England"
"13500520","Yury Shulman","Shulman, Y","Shulman, Yury","USA","M","GM",NA,NA,NA,2559,0,10,NA,NA,NA,NA,NA,NA,1975,"i","United States of America"
"2801990","Ilia Smirin","Smirin, I","Smirin, Ilia","ISR","M","GM",NA,NA,NA,2595,8,10,2540,0,10,2511,0,10,1968,NA,"Israel"
NA,"Vasily Smyslov","Smyslov, V",NA,NA,NA,NA,NA,NA,NA,NA,NA,NA,NA,NA,NA,NA,NA,NA,NA,NA,NA
"5202213","Wesley So","So, W","So, Wesley","USA","M","GM",NA,NA,NA,2769,9,10,2789,0,10,2765,0,10,1993,NA,"United States of America"
"14400030","Ivan Sokolov","Sokolov, I","Sokolov, Ivan","NED","M","GM",NA,"FST",NA,2591,0,10,2615,0,10,2587,0,10,1968,NA,"Netherlands"
"2000741","Andrew Soltis","Soltis, A","Soltis, Andrew","USA","M","GM",NA,NA,NA,2407,0,10,NA,NA,NA,NA,NA,NA,1947,"i","United States of America"
"600024","Boris Spassky","Spassky, B","Spassky, Boris V.","RUS","M","GM",NA,NA,NA,2548,0,10,NA,NA,NA,NA,NA,NA,1937,"i","Russia"
"400033","Jonathan Speelman","Speelman, J","Speelman, Jon S","ENG","M","GM",NA,NA,NA,2487,0,10,2540,0,10,2534,0,10,1956,NA,"England"
NA,"Rudolf Spielmann","Spielmann, R",NA,NA,NA,NA,NA,NA,NA,NA,NA,NA,NA,NA,NA,NA,NA,NA,NA,NA,NA
NA,"Gideon Stahlberg","Stahlberg, G",NA,NA,NA,NA,NA,NA,NA,NA,NA,NA,NA,NA,NA,NA,NA,NA,NA,NA,NA
NA,"Howard Staunton","Staunton, H",NA,NA,NA,NA,NA,NA,NA,NA,NA,NA,NA,NA,NA,NA,NA,NA,NA,NA,NA
"2902257","Antoaneta Stefanova","Stefanova, A","Stefanova, Antoaneta","BUL","F","GM",NA,NA,NA,2405,0,10,2378,5,10,2406,0,10,1979,"w","Bulgaria"
NA,"Leonid Stein","Stein, L",NA,NA,NA,NA,NA,NA,NA,NA,NA,NA,NA,NA,NA,NA,NA,NA,NA,NA,NA
NA,"William Steinitz","Steinitz, W",NA,NA,NA,NA,NA,NA,NA,NA,NA,NA,NA,NA,NA,NA,NA,NA,NA,NA,NA
NA,"Alexey Suetin","Suetin, A",NA,NA,NA,NA,NA,NA,NA,NA,NA,NA,NA,NA,NA,NA,NA,NA,NA,NA,NA
NA,"Mir Sultan Khan","Sultan Khan, M",NA,NA,NA,NA,NA,NA,NA,NA,NA,NA,NA,NA,NA,NA,NA,NA,NA,NA,NA
"2802007","Emil Sutovsky","Sutovsky, E","Sutovsky, Emil","ISR","M","GM",NA,NA,NA,2597,0,10,2593,0,10,2524,11,10,1977,NA,"Israel"
"4102142","Peter Svidler","Svidler, P","Svidler, Peter","FID","M","GM",NA,NA,NA,2688,4,10,2732,4,10,2689,8,10,1976,NA,"FIDE"
NA,"Laszlo Szabo","Szabo, L",NA,NA,NA,NA,NA,NA,NA,NA,NA,NA,NA,NA,NA,NA,NA,NA,NA,NA,NA
NA,"Mark Taimanov","Taimanov, M",NA,NA,NA,NA,NA,NA,NA,NA,NA,NA,NA,NA,NA,NA,NA,NA,NA,NA,NA
NA,"Mikhail Tal","Tal, M",NA,NA,NA,NA,NA,NA,NA,NA,NA,NA,NA,NA,NA,NA,NA,NA,NA,NA,NA
NA,"Siegbert Tarrasch","Tarrasch, S",NA,NA,NA,NA,NA,NA,NA,NA,NA,NA,NA,NA,NA,NA,NA,NA,NA,NA,NA
NA,"Savielly Tartakower","Tartakower, S",NA,NA,NA,NA,NA,NA,NA,NA,NA,NA,NA,NA,NA,NA,NA,NA,NA,NA,NA
NA,"Richard Teichmann","Teichmann, R",NA,NA,NA,NA,NA,NA,NA,NA,NA,NA,NA,NA,NA,NA,NA,NA,NA,NA,NA
"1000012","Jan Timman","Timman, J","Timman, Jan H","NED","M","GM",NA,NA,NA,2522,0,10,2472,0,10,2501,0,10,1951,NA,"Netherlands"
"1008013","Sergei Tiviakov","Tiviakov, S","Tiviakov, Sergei","NED","M","GM",NA,NA,NA,2547,5,10,2602,0,10,2647,0,10,1973,NA,"Netherlands"
"618438","Vladislav Tkachiev","Tkachiev, V","Tkachiev, Vladislav","FRA","M","GM",NA,NA,NA,2660,0,10,2673,0,10,2587,0,10,1973,"i","France"
"4147235","Evgeny Tomashevsky","Tomashevsky, E","Tomashevsky, Evgeny","RUS","M","GM",NA,NA,NA,2694,0,10,2626,0,10,2663,0,10,1987,NA,"Russia"
"2900084","Veselin Topalov","Topalov, V","Topalov, Veselin","BUL","M","GM",NA,NA,NA,2727,1,10,2632,0,10,2657,0,10,1975,NA,"Bulgaria"
NA,"Wolfgang Uhlmann","Uhlmann, W",NA,NA,NA,NA,NA,NA,NA,NA,NA,NA,NA,NA,NA,NA,NA,NA,NA,NA,NA
NA,"Wolfgang Unzicker","Unzicker, W",NA,NA,NA,NA,NA,NA,NA,NA,NA,NA,NA,NA,NA,NA,NA,NA,NA,NA,NA
"14110911","Anna Ushenina","Ushenina, A","Ushenina, Anna","UKR","F","GM","WGM",NA,NA,2434,0,10,2384,0,10,2361,0,10,1985,"w","Ukraine"
NA,"Maxime Vachier-Lagrave","Vachier Lagrave, M",NA,NA,NA,NA,NA,NA,NA,NA,NA,NA,NA,NA,NA,NA,NA,NA,NA,NA,NA
"13300016","Rafael Vaganian","Vaganian, R","Vaganian, Rafael A","ARM","M","GM",NA,NA,NA,2493,0,10,2416,0,10,2439,0,10,1951,NA,"Armenia"
"2205530","Francisco Vallejo Pons","Vallejo Pons, F","Vallejo Pons, Francisco","ESP","M","GM",NA,"FT",NA,2706,0,10,2662,0,10,2589,0,10,1982,NA,"Spain"
"1000268","Loek Van Wely","Van Wely, L","Van Wely, Loek","NED","M","GM",NA,NA,NA,2644,0,10,2532,0,10,2545,25,10,1972,NA,"Netherlands"
"4152956","Nikita Vitiugov","Vitiugov, N","Vitiugov, Nikita","FID","M","GM",NA,NA,NA,2720,3,10,2622,0,10,2673,0,10,1987,NA,"FIDE"
"14107090","Andrei Volokitin","Volokitin, A","Volokitin, Andrei","UKR","M","GM",NA,NA,NA,2674,0,10,2627,3,10,2545,0,10,1986,NA,"Ukraine"
"2005158","Joshua Waitzkin","Waitzkin, J","Waitzkin, Joshua","USA","M","IM",NA,NA,NA,2464,0,10,NA,NA,NA,NA,NA,NA,1976,"i","United States of America"
NA,"Wang Yue","Wang Hao",NA,NA,NA,NA,NA,NA,NA,NA,NA,NA,NA,NA,NA,NA,NA,NA,NA,NA,NA
NA,"Wang Hao","Wang Yue",NA,NA,NA,NA,NA,NA,NA,NA,NA,NA,NA,NA,NA,NA,NA,NA,NA,NA,NA
NA,"Wei Yi","Wei Yi",NA,NA,NA,NA,NA,NA,NA,NA,NA,NA,NA,NA,NA,NA,NA,NA,NA,NA,NA
NA,"Simon Winawer","Winawer, S",NA,NA,NA,NA,NA,NA,NA,NA,NA,NA,NA,NA,NA,NA,NA,NA,NA,NA,NA
"1118358","Radoslaw Wojtaszek","Wojtaszek, R","Wojtaszek, Radoslaw","POL","M","GM",NA,NA,NA,2676,0,10,2645,5,10,2586,0,10,1987,NA,"Poland"
NA,"Aleksander Wojtkiewicz","Wojtkiewicz, A",NA,NA,NA,NA,NA,NA,NA,NA,NA,NA,NA,NA,NA,NA,NA,NA,NA,NA,NA
"2000148","Patrick Wolff","Wolff, P","Wolff, Patrick","USA","M","GM",NA,NA,NA,2545,5,10,2524,0,10,NA,NA,NA,1968,NA,"United States of America"
NA,"Xie Jun","Xie Jun",NA,NA,NA,NA,NA,NA,NA,NA,NA,NA,NA,NA,NA,NA,NA,NA,NA,NA,NA
NA,"Xu Yuhua","Xu Yuhua",NA,NA,NA,NA,NA,NA,NA,NA,NA,NA,NA,NA,NA,NA,NA,NA,NA,NA,NA
NA,"Ye Jiangchuan","Ye Jiangchuan",NA,NA,NA,NA,NA,NA,NA,NA,NA,NA,NA,NA,NA,NA,NA,NA,NA,NA,NA
"2005492","Alex Yermolinsky","Yermolinsky, A","Yermolinsky, Alex","USA","M","GM",NA,NA,NA,2428,0,10,2520,0,10,2508,0,10,1958,NA,"United States of America"
"8603820","Yu Yangyi","Yu Yangyi","Yu, Yangyi","CHN","M","GM",NA,NA,NA,2735,9,10,2734,0,10,2770,0,10,1994,NA,"China"
"2802341","Leonid Yudasin","Yudasin, L","Yudasin, Leonid","ISR","M","GM",NA,NA,NA,2394,0,10,2499,0,10,2521,0,10,1959,NA,"Israel"
NA,"Zhu Chen","Zhu Chen",NA,NA,NA,NA,NA,NA,NA,NA,NA,NA,NA,NA,NA,NA,NA,NA,NA,NA,NA
NA,"Johannes Zukertort","Zukertort, J",NA,NA,NA,NA,NA,NA,NA,NA,NA,NA,NA,NA,NA,NA,NA,NA,NA,NA,NA
"4113403","Vadim Zvjaginsev","Zvjaginsev, V","Zvjaginsev, Vadim","RUS","M","GM",NA,NA,NA,2584,0,10,2496,0,10,2585,0,10,1976,NA,"Russia"
